"company","country","continent","company_id","year_founded","year_joined","valuation","industry"
"Otto Bock HealthCare","Germany","Europe",189,1919,2017,4000000000,"Health"
"Matrixport","Singapore","Asia",848,2019,2021,1000000000,"Fintech"
"Cloudinary","United States","North America",556,2011,2022,2000000000,"Internet software & services"
"PLACE","United States","North America",999,2020,2021,1000000000,"Internet software & services"
"candy.com","United States","North America",396,2021,2021,2000000000,"Fintech"
"HAYDON","China","Asia",931,2020,2021,1000000000,"Consumer & retail"
"eDaili","China","Asia",364,2015,2019,2000000000,"E-commerce & direct-to-consumer"
"CoinTracker","United States","North America",732,2017,2022,1000000000,"Fintech"
"EcoFlow","China","Asia",906,2017,2021,1000000000,"Hardware"
"DJI Innovations","China","Asia",72,2006,2015,8000000000,"Hardware"
"Numbrs","Switzerland","Europe",983,1999,2019,1000000000,"Fintech"
"Darwinbox","India","Asia",898,2015,2022,1000000000,"Internet software & services"
"MobileCoin","United States","North America",844,2018,2021,1000000000,"Fintech"
"Clara","Mexico","North America",894,2020,2021,1000000000,"Fintech"
"CoinDCX","India","Asia",813,2017,2021,1000000000,"Fintech"
"Manner","China","Asia",743,2015,2020,1000000000,"Other"
"Clubhouse","United States","North America",226,2020,2021,4000000000,"Mobile & telecommunications"
"Masterworks","United States","North America",963,2017,2021,1000000000,"Fintech"
"AgentSync","United States","North America",764,2018,2021,1000000000,"Fintech"
"Mamaearth","India","Asia",839,2016,2021,1000000000,"E-commerce & direct-to-consumer"
"Splashtop","United States","North America",1033,2006,2021,1000000000,"Internet software & services"
"Athletic Greens","United States","North America",725,2010,2022,1000000000,"Health"
"Black Sesame Technologies","China","Asia",549,2016,2021,2000000000,"Artificial intelligence"
"Apus Group","China","Asia",667,2014,2015,1000000000,"Mobile & telecommunications"
"Marshmallow","United Kingdom","Europe",755,2017,2021,1000000000,"Fintech"
"Phantom","United States","North America",782,2021,2022,1000000000,"Fintech"
"Kraken","United States","North America",175,2011,2019,4000000000,"Fintech"
"CoinList","United States","North America",398,2017,2021,2000000000,"Fintech"
"Daily Harvest","United States","North America",814,2014,2021,1000000000,"E-commerce & direct-to-consumer"
"Afiniti","Bermuda","North America",436,2006,2017,2000000000,"Artificial intelligence"
"Tractable","United Kingdom","Europe",1046,2014,2021,1000000000,"Artificial intelligence"
"Hive","United States","North America",565,2013,2021,2000000000,"Artificial intelligence"
"Offchain Labs","United States","North America",781,2018,2021,1000000000,"Internet software & services"
"Pet Circle","Australia","Oceania",997,2011,2021,1000000000,"E-commerce & direct-to-consumer"
"Relativity","United States","North America",194,2001,2021,4000000000,"Internet software & services"
"Worldcoin","United States","North America",249,2019,2021,3000000000,"Fintech"
"Star Charge","China","Asia",434,2014,2021,2000000000,"Auto & transportation"
"Stytch","United States","North America",1035,2020,2021,1000000000,"Cybersecurity"
"Minio","United States","North America",969,2014,2022,1000000000,"Data management & analytics"
"Sentry","United States","North America",1018,2011,2021,1000000000,"Other"
"1047 Games","United States","North America",355,2017,2021,2000000000,"Internet software & services"
"Hotmart","Netherlands","Europe",934,2011,2020,1000000000,"E-commerce & direct-to-consumer"
"Vise","United States","North America",1054,2016,2021,1000000000,"Fintech"
"Drata","United States","North America",901,2020,2021,1000000000,"Cybersecurity"
"Turing","United States","North America",173,2018,2021,4000000000,"Internet software & services"
"iTrustCapital","United States","North America",738,2018,2022,1000000000,"Fintech"
"Temporal","United States","North America",422,2019,2022,2000000000,"Internet software & services"
"Rightway","United States","North America",830,2017,2021,1000000000,"Health"
"Printful","United States","North America",1004,2016,2021,1000000000,"Other"
"Lamabang","China","Asia",951,2011,2015,1000000000,"E-commerce & direct-to-consumer"
"Domestika","United States","North America",734,2012,2022,1000000000,"Internet software & services"
"Wrapbook","United States","North America",1063,2018,2021,1000000000,"Fintech"
"JimuBox","China","Asia",623,2013,2015,1000000000,"Fintech"
"Instabase","United States","North America",846,2015,2019,1000000000,"Data management & analytics"
"Ivalua","United States","North America",823,2000,2019,1000000000,"Fintech"
"Interos","United States","North America",944,2005,2021,1000000000,"Fintech"
"Snorkel AI","United States","North America",1030,2019,2021,1000000000,"Artificial intelligence"
"Juanpi","China","Asia",824,2012,2016,1000000000,"E-commerce & direct-to-consumer"
"Hasura","India","Asia",930,2017,2022,1000000000,"Internet software & services"
"Jusfoun Big Data","China","Asia",370,2010,2018,2000000000,"Data management & analytics"
"Hosjoy","China","Asia",618,2009,2018,1000000000,"E-commerce & direct-to-consumer"
"Verkada","United States","North America",456,2016,2020,2000000000,"Cybersecurity"
"Cider","Hong Kong","Asia",893,2020,2021,1000000000,"E-commerce & direct-to-consumer"
"Chief","United States","North America",812,2019,2022,1000000000,"Other"
"Playco","Japan","Asia",1001,2020,2020,1000000000,"Other"
"Panther Labs","United States","North America",703,2018,2021,1000000000,"Cybersecurity"
"Cadence","United States","North America",884,2020,2021,1000000000,"Health"
"ID.me","United States","North America",404,2010,2021,2000000000,"Cybersecurity"
"LayerZero Labs","United States","North America",952,2021,2022,1000000000,"Internet software & services"
"Justworks","United States","North America",625,2012,2020,1000000000,"Internet software & services"
"Moka","China","Asia",971,2015,2021,1000000000,"Internet software & services"
"Luoji Siwei","China","Asia",796,2012,2017,1000000000,"Edtech"
"Esusu","United States","North America",909,2015,2022,1000000000,"Fintech"
"Preferred Networks","Japan","Asia",587,2014,2018,2000000000,"Artificial intelligence"
"Oura","Finland","Europe",273,2013,2022,3000000000,"Health"
"Gem","United States","North America",771,2017,2021,1000000000,"Internet software & services"
"Quantum Metric","United States","North America",1005,2015,2021,1000000000,"Data management & analytics"
"Tackle.io","United States","North America",758,2016,2021,1000000000,"Internet software & services"
"Xiaoe Tech","China","Asia",652,2015,2021,1000000000,"Internet software & services"
"JUUL Labs","United States","North America",8,2015,2017,38000000000,"Consumer & retail"
"GalaxySpace","China","Asia",760,2016,2020,1000000000,"Mobile & telecommunications"
"Athelas","United States","North America",394,2016,2022,2000000000,"Health"
"Ascend Money","Thailand","Asia",393,2013,2021,2000000000,"Fintech"
"Axiom Space","United States","North America",870,2016,2021,1000000000,"Other"
"Rebellion Defense","United States","North America",804,2019,2021,1000000000,"Artificial intelligence"
"Tezign","China","Asia",1041,2015,2021,1000000000,"Internet software & services"
"Cresta","United States","North America",443,2017,2022,2000000000,"Artificial intelligence"
"News Break","United States","North America",978,2015,2021,1000000000,"Internet software & services"
"Einride","Sweden","Europe",612,2016,2021,1000000000,"Auto & transportation"
"Yidian Zixun","China","Asia",714,2021,2017,1000000000,"Mobile & telecommunications"
"Glia","United States","North America",925,2012,2022,1000000000,"Fintech"
"Strava","United States","North America",421,2009,2020,2000000000,"Internet software & services"
"Mercury","United States","North America",449,2019,2021,2000000000,"Fintech"
"Shippo","United States","North America",1022,2013,2021,1000000000,"""Supply chain, logistics, & delivery"""
"Dadi Cinema","China","Asia",240,2006,2016,3000000000,"Other"
"UISEE Technology","China","Asia",644,2016,2021,1000000000,"""Supply chain, logistics, & delivery"""
"Alloy","United States","North America",718,2015,2021,1000000000,"Fintech"
"Freshbooks","Canada","North America",920,2004,2021,1000000000,"Fintech"
"TrialSpark","United States","North America",1048,2014,2021,1000000000,"Health"
"Sift","United States","North America",1024,2011,2021,1000000000,"Artificial intelligence"
"Haomao.AI","China","Asia",929,2019,2021,1000000000,"Artificial intelligence"
"Flipdish","Ireland","Europe",751,2015,2022,1000000000,"Internet software & services"
"Revolution Precrafted","Philippines","Asia",1012,2015,2017,1000000000,"Other"
"Anyscale","United States","North America",863,2019,2021,1000000000,"Artificial intelligence"
"Qualia","United States","North America",662,2015,2020,1000000000,"Fintech"
"SmartAsset","United States","North America",1027,2012,2021,1000000000,"Fintech"
"Pilot.com","United States","North America",783,2016,2021,1000000000,"Fintech"
"StarkWare","Israel","Asia",592,2018,2021,2000000000,"Cybersecurity"
"Sidecar Health","United States","North America",1023,2018,2021,1000000000,"Fintech"
"Vagaro","United States","North America",1051,2009,2021,1000000000,"Internet software & services"
"Phenom People","United States","North America",633,2011,2021,1000000000,"Internet software & services"
"Qingting FM","China","Asia",635,2011,2021,1000000000,"Internet software & services"
"CaptivateIQ","United States","North America",750,2014,2022,1000000000,"Fintech"
"Figment","Canada","North America",697,2018,2021,1000000000,"Internet software & services"
"Cameo","United States","North America",886,2016,2021,1000000000,"Internet software & services"
"LEAD School","India","Asia",826,2012,2022,1000000000,"Edtech"
"Placer.ai","United States","North America",1000,2016,2022,1000000000,"Artificial intelligence"
"LinkTree","Australia","Oceania",740,2016,2022,1000000000,"Internet software & services"
"Modern Health","United States","North America",798,2017,2021,1000000000,"Health"
"Razor","Germany","Europe",1008,2020,2021,1000000000,"Consumer & retail"
"Insider","Turkey","Europe",761,2012,2022,1000000000,"Internet software & services"
"Kong","United States","North America",701,2007,2020,1000000000,"Internet software & services"
"Karat","United States","North America",825,2014,2021,1000000000,"Internet software & services"
"Lucid","United States","North America",344,2010,2021,3000000000,"Internet software & services"
"Envoy","United States","North America",695,2013,2022,1000000000,"Internet software & services"
"BitFury","Netherlands","Europe",876,2011,2018,1000000000,"Hardware"
"TUNGEE","China","Asia",643,2016,2021,1000000000,"Artificial intelligence"
"FullStory","United States","North America",509,2014,2021,2000000000,"Internet software & services"
"Newsela","United States","North America",979,2013,2021,1000000000,"Internet software & services"
"Solo.io","United States","North America",1031,2017,2021,1000000000,"Internet software & services"
"Firefly Aerospace","United States","North America",817,2014,2021,1000000000,"Other"
"Intellifusion","China","Asia",943,2014,2019,1000000000,"Artificial intelligence"
"Mux","United States","North America",975,2015,2021,1000000000,"Internet software & services"
"Venafi","United States","North America",647,2000,2020,1000000000,"Cybersecurity"
"Veriff","Estonia","Europe",426,2015,2022,2000000000,"Artificial intelligence"
"Pristyn Care","India","Asia",705,2018,2021,1000000000,"Health"
"RIDI","South Korea","Asia",724,2008,2022,1000000000,"E-commerce & direct-to-consumer"
"Optimism","United States","North America",464,2019,2022,2000000000,"Internet software & services"
"Injective Protocol","United States","North America",942,2018,2021,1000000000,"Fintech"
"Wildlife Studios","Brazil","South America",354,2011,2019,3000000000,"Other"
"Away","United States","North America",688,2015,2019,1000000000,"E-commerce & direct-to-consumer"
"Timescale","United States","North America",1045,2015,2022,1000000000,"Internet software & services"
"Airbyte","United States","North America",391,2020,2021,2000000000,"Internet software & services"
"CHEQ","United States","North America",891,2014,2022,1000000000,"Cybersecurity"
"YH Global","China","Asia",1066,1997,2017,1000000000,"""Supply chain, logistics, & delivery"""
"Modern Treasury","United States","North America",579,2018,2021,2000000000,"Fintech"
"SonderMind","United States","North America",686,2014,2021,1000000000,"Health"
"GlobalBees","India","Asia",822,2021,2021,1000000000,"E-commerce & direct-to-consumer"
"Bringg","Israel","Asia",882,2013,2021,1000000000,"""Supply chain, logistics, & delivery"""
"eSentire","Canada","North America",816,2001,2022,1000000000,"Cybersecurity"
"Iluvatar CoreX","China","Asia",369,2015,2021,2000000000,"Hardware"
"Inxeption","United States","North America",340,2017,2022,3000000000,"Fintech"
"VTS","United States","North America",1058,2012,2019,1000000000,"Internet software & services"
"Howden Group Holdings","United Kingdom","Europe",129,1994,2020,5000000000,"Other"
"Amperity","United States","North America",862,2016,2021,1000000000,"Artificial intelligence"
"Changingedu","China","Asia",363,2014,2017,2000000000,"Edtech"
"56PINGTAI","China","Asia",603,2013,2021,1000000000,"""Supply chain, logistics, & delivery"""
"Valgen Medtech","China","Asia",645,2015,2021,1000000000,"Health"
"DailyPay","United States","North America",769,2016,2021,1000000000,"Fintech"
"SeekOut","United States","North America",788,2017,2022,1000000000,"Internet software & services"
"SmartHR","Japan","Asia",452,2013,2021,2000000000,"Fintech"
"StoreDot","Israel","Asia",420,2012,2022,2000000000,"Other"
"Pentera","Israel","Asia",996,2015,2022,1000000000,"Cybersecurity"
"Ada Support","Canada","North America",763,2016,2021,1000000000,"Artificial intelligence"
"Happy Money","United States","North America",803,2009,2022,1000000000,"Fintech"
"Alation","United States","North America",765,2012,2021,1000000000,"Internet software & services"
"Orca Bio","United States","North America",989,2016,2020,1000000000,"Health"
"MOLOCO","United States","North America",409,2013,2021,2000000000,"Artificial intelligence"
"MURAL","United States","North America",580,2011,2021,2000000000,"Internet software & services"
"Accelerant","United Kingdom","Europe",513,2018,2022,2000000000,"Other"
"apna","India","Asia",809,2019,2021,1000000000,"Internet software & services"
"UpGrad","India","Asia",791,2015,2021,1000000000,"Edtech"
"PicsArt","United States","North America",998,2011,2021,1000000000,"Mobile & telecommunications"
"Unite Us","United States","North America",455,2014,2021,2000000000,"Health"
"Harness","United States","North America",477,2016,2021,2000000000,"Artificial intelligence"
"CommerceIQ","United States","North America",896,2012,2022,1000000000,"Artificial intelligence"
"IRL","United States","North America",797,2017,2021,1000000000,"Internet software & services"
"CFGI","United States","North America",361,2000,2021,2000000000,"Fintech"
"Hive Box","China","Asia",250,2015,2018,3000000000,"""Supply chain, logistics, & delivery"""
"MEGVII","China","Asia",229,2011,2017,4000000000,"Artificial intelligence"
"4Paradigm","China","Asia",540,2015,2018,2000000000,"Artificial intelligence"
"Netskope","United States","North America",73,2012,2018,8000000000,"Cybersecurity"
"Leap Motor","China","Asia",852,2015,2018,1000000000,"Auto & transportation"
"Hopin","United Kingdom","Europe",78,2019,2020,8000000000,"Internet software & services"
"Caris Life Sciences","United States","North America",79,1996,2021,8000000000,"Health"
"OVH","France","Europe",632,1999,2016,1000000000,"Other"
"Flink Food","Germany","Europe",314,2021,2021,3000000000,"E-commerce & direct-to-consumer"
"Fireblocks","United States","North America",82,2018,2021,8000000000,"Fintech"
"SambaNova Systems","United States","North America",164,2017,2021,5000000000,"Data management & analytics"
"Meicai","China","Asia",85,2014,2016,7000000000,"Mobile & telecommunications"
"Relativity Space","United States","North America",212,2016,2020,4000000000,"Other"
"Snyk","United States","North America",65,2015,2020,9000000000,"Cybersecurity"
"BYTON","China","Asia",258,2016,2018,3000000000,"Auto & transportation"
"Pony.ai","United States","North America",63,2016,2018,9000000000,"Artificial intelligence"
"reddit","United States","North America",58,2005,2017,10000000000,"Internet software & services"
"Faire","United States","North America",31,2017,2019,12000000000,"Artificial intelligence"
"OakNorth Bank","United Kingdom","Europe",248,2015,2017,3000000000,"Fintech"
"Airtable","United States","North America",32,2013,2018,12000000000,"Internet software & services"
"MessageBird","Netherlands","Europe",252,2011,2020,3000000000,"Mobile & telecommunications"
"Brex","United States","North America",33,2017,2018,12000000000,"Fintech"
"Cars24","India","Asia",287,2015,2020,3000000000,"E-commerce & direct-to-consumer"
"Trax","Singapore","Asia",251,2010,2019,3000000000,"Artificial intelligence"
"OpenAI","United States","North America",243,2015,2019,3000000000,"Artificial intelligence"
"Bolt","Estonia","Europe",40,2013,2018,11000000000,"Auto & transportation"
"Bolt","United States","North America",44,2014,2021,11000000000,"Fintech"
"Celonis","Germany","Europe",45,2011,2018,11000000000,"Data management & analytics"
"Intarcia Therapeutics","United States","North America",211,1995,2014,4000000000,"Health"
"ServiceTitan","United States","North America",50,2012,2018,10000000000,"Internet software & services"
"Digital Currency Group","United States","North America",53,2015,2021,10000000000,"Fintech"
"Youxia Motors","China","Asia",285,2014,2018,3000000000,"Auto & transportation"
"Dataminr","United States","North America",217,2009,2018,4000000000,"Artificial intelligence"
"Monzo","United Kingdom","Europe",134,2015,2018,5000000000,"Fintech"
"Gorillas","Germany","Europe",317,2020,2021,3000000000,"E-commerce & direct-to-consumer"
"ENOVATE","China","Asia",365,2015,2019,2000000000,"Auto & transportation"
"Carta","United States","North America",91,2012,2019,7000000000,"Fintech"
"Indigo Ag","United States","North America",185,2014,2017,4000000000,"Artificial intelligence"
"Lianjia","China","Asia",121,2001,2016,6000000000,"E-commerce & direct-to-consumer"
"FlixBus","Germany","Europe",335,2013,2019,3000000000,"Auto & transportation"
"SaltPay","United Kingdom","Europe",1014,2019,2021,1000000000,"Fintech"
"WeRide","China","Asia",191,2017,2020,4000000000,"Auto & transportation"
"Delhivery","India","Asia",334,2011,2019,3000000000,"""Supply chain, logistics, & delivery"""
"Vice Media","United States","North America",118,1994,2011,6000000000,"Internet software & services"
"DataRobot","United States","North America",115,2012,2019,6000000000,"Artificial intelligence"
"Back Market","France","Europe",113,2014,2021,6000000000,"E-commerce & direct-to-consumer"
"Chipone","China","Asia",147,2008,2021,5000000000,"Hardware"
"VIPKid","China","Asia",136,2013,2016,5000000000,"Edtech"
"Meesho","India","Asia",130,2015,2021,5000000000,"Internet software & services"
"Udaan","India","Asia",321,2016,2018,3000000000,"""Supply chain, logistics, & delivery"""
"BlockFi","United States","North America",327,2017,2021,3000000000,"Fintech"
"SumUp","United Kingdom","Europe",641,2011,2019,1000000000,"Fintech"
"Traveloka","Indonesia","Asia",352,2012,2017,3000000000,"Travel"
"Momenta","China","Asia",972,2016,2018,1000000000,"Artificial intelligence"
"ShareChat","India","Asia",201,2015,2021,4000000000,"Internet software & services"
"Abogen","China","Asia",168,2019,2021,4000000000,"Health"
"WeDoctor","China","Asia",104,2010,2015,6000000000,"Health"
"Radiology Partners","United States","North America",171,2012,2018,4000000000,"Health"
"SouChe Holdings","China","Asia",350,2012,2017,3000000000,"E-commerce & direct-to-consumer"
"Ro","United States","North America",101,2017,2020,7000000000,"Health"
"Zapier","United States","North America",239,2011,2021,4000000000,"Internet software & services"
"XForcePlus","China","Asia",1065,2015,2021,1000000000,"Internet software & services"
"iCarbonX","China","Asia",938,2015,2016,1000000000,"Artificial intelligence"
"People.ai","United States","North America",828,2017,2021,1000000000,"Internet software & services"
"Infobip","Croatia","Europe",941,2006,2020,1000000000,"Mobile & telecommunications"
"Orbbec Technology","China","Asia",988,2013,2018,1000000000,"Hardware"
"Wave","Senegal","Africa",484,2018,2021,2000000000,"Fintech"
"Aptos","United States","North America",864,2021,2022,1000000000,"Internet software & services"
"Pantheon Systems","United States","North America",383,2010,2021,2000000000,"Internet software & services"
"Weights & Biases","United States","North America",1060,2017,2021,1000000000,"Internet software & services"
"Trendy Group International","Hong Kong","Asia",595,1999,2012,2000000000,"Consumer & retail"
"Radius Payment Solutions","United Kingdom","Europe",840,1990,2017,1000000000,"Fintech"
"Nextiva","United States","North America",290,2008,2021,3000000000,"Internet software & services"
"Lukka","United States","North America",742,2014,2022,1000000000,"Fintech"
"Maven Clinic","United States","North America",964,2014,2021,1000000000,"Health"
"Tripledot","United Kingdom","Europe",712,2017,2022,1000000000,"Mobile & telecommunications"
"Zego","United Kingdom","Europe",837,2016,2021,1000000000,"Fintech"
"Netlify","United States","North America",583,2014,2021,2000000000,"Internet software & services"
"Next Silicon","Israel","Asia",411,2018,2021,2000000000,"Hardware"
"Loom","United States","North America",430,2016,2021,2000000000,"Internet software & services"
"Betterfly","Chile","South America",875,2018,2022,1000000000,"Artificial intelligence"
"Beyond Identity","United States","North America",810,2019,2022,1000000000,"Cybersecurity"
"STORD","United States","North America",805,2015,2021,1000000000,"""Supply chain, logistics, & delivery"""
"Lessen","United States","North America",953,2019,2021,1000000000,"Internet software & services"
"Axtria","United States","North America",606,2009,2021,1000000000,"Data management & analytics"
"YunQuNa","China","Asia",679,2015,2021,1000000000,"""Supply chain, logistics, & delivery"""
"Electric","United States","North America",907,2016,2022,1000000000,"Cybersecurity"
"bolttech","Singapore","Asia",880,2018,2021,1000000000,"Fintech"
"Sunbit","United States","North America",834,2016,2021,1000000000,"Fintech"
"Aiven","Finland","Europe",542,2016,2021,2000000000,"Internet software & services"
"Thirty Madison","United States","North America",1043,1993,2021,1000000000,"Health"
"Mu Sigma","United States","North America",410,2004,2013,2000000000,"Data management & analytics"
"Shukun Technology","China","Asia",637,2017,2021,1000000000,"Artificial intelligence"
"Flipboard","United States","North America",616,2010,2015,1000000000,"Internet software & services"
"dMed Biopharmaceutical","China","Asia",611,2016,2021,1000000000,"Health"
"Xendit","Indonesia","Asia",1064,2014,2021,1000000000,"Fintech"
"SoundHound","United States","North America",1032,2005,2018,1000000000,"Artificial intelligence"
"Island","United States","North America",737,2020,2022,1000000000,"Internet software & services"
"Tubatu.com","China","Asia",374,2008,2015,2000000000,"E-commerce & direct-to-consumer"
"Yello Mobile","South Korea","Asia",172,2012,2014,4000000000,"Mobile & telecommunications"
"Pacaso","United States","North America",414,2020,2021,2000000000,"Fintech"
"Density","United States","North America",845,2014,2021,1000000000,"Hardware"
"Visier","Canada","North America",1055,2010,2021,1000000000,"Internet software & services"
"Persona","United States","North America",416,2018,2021,2000000000,"Cybersecurity"
"Coocaa","China","Asia",682,2006,2018,1000000000,"Hardware"
"Mensa Brands","India","Asia",967,2021,2021,1000000000,"Other"
"Calm","United States","North America",551,2012,2019,2000000000,"Consumer & retail"
"Uptake","United States","North America",491,2014,2015,2000000000,"Artificial intelligence"
"HomeLight","United States","North America",446,2012,2021,2000000000,"Fintech"
"Noname Security","United States","North America",982,2020,2021,1000000000,"Cybersecurity"
"Sendbird","United States","North America",850,2013,2021,1000000000,"Mobile & telecommunications"
"Hailo","Israel","Asia",928,2017,2021,1000000000,"Artificial intelligence"
"InMobi","India","Asia",380,2007,2014,2000000000,"Mobile & telecommunications"
"SafetyCulture","Australia","Oceania",451,2004,2021,2000000000,"Internet software & services"
"OpenWeb","United States","North America",987,2012,2021,1000000000,"Internet software & services"
"Rubicon","United States","North America",842,2008,2017,1000000000,"Other"
"HuJiang","China","Asia",620,2001,2015,1000000000,"Edtech"
"Baiwang","China","Asia",356,2015,2019,2000000000,"Fintech"
"BeiBei","China","Asia",872,2011,2015,1000000000,"E-commerce & direct-to-consumer"
"SmartRecruiters","United States","North America",417,2010,2021,2000000000,"Internet software & services"
"Whatnot","United States","North America",427,2019,2021,2000000000,"E-commerce & direct-to-consumer"
"A24 Films","United States","North America",255,2012,2022,3000000000,"Other"
"Cognite","Norway","Europe",397,2016,2021,2000000000,"Data management & analytics"
"Aircall","United States","North America",857,2014,2021,1000000000,"Internet software & services"
"Quora","United States","North America",588,2009,2017,2000000000,"Internet software & services"
"CredAvenue","India","Asia",609,2017,2022,1000000000,"Fintech"
"Huisuanzhang","China","Asia",619,2015,2021,1000000000,"Fintech"
"Aleo","United States","North America",681,2019,2022,1000000000,"Cybersecurity"
"Odoo","Belgium","Europe",489,2005,2021,2000000000,"Internet software & services"
"Keenon Robotics","China","Asia",626,2010,2021,1000000000,"""Supply chain, logistics, & delivery"""
"WeBull","China","Asia",649,2016,2021,1000000000,"Fintech"
"PointClickCare","Canada","North America",234,2000,2021,4000000000,"Internet software & services"
"FloQast","United States","North America",770,2013,2021,1000000000,"Fintech"
"Everly Health","United States","North America",614,2015,2020,1000000000,"E-commerce & direct-to-consumer"
"Spotter","United States","North America",482,2019,2022,2000000000,"Fintech"
"Mia.com","China","Asia",968,2011,2015,1000000000,"E-commerce & direct-to-consumer"
"Dental Monitoring","France","Europe",899,2014,2021,1000000000,"Health"
"BrewDog","United Kingdom","Europe",386,2007,2017,2000000000,"Consumer & retail"
"Kujiale","China","Asia",665,2011,2019,1000000000,"Internet software & services"
"TensTorrent","Canada","North America",1039,2016,2021,1000000000,"Artificial intelligence"
"CloudBees","United States","North America",800,2010,2021,1000000000,"Data management & analytics"
"Wayflyer","Ireland","Europe",457,2019,2022,2000000000,"Fintech"
"TaxBit","United States","North America",676,2018,2021,1000000000,"Fintech"
"Unico","Brazil","South America",1050,2007,2021,1000000000,"Artificial intelligence"
"Deliverect","Belgium","Europe",694,2018,2022,1000000000,"Fintech"
"Reltio","United States","North America",481,2011,2021,2000000000,"Data management & analytics"
"Bluecore","United States","North America",878,2013,2021,1000000000,"Artificial intelligence"
"Payhawk","United Kingdom","Europe",995,2018,2022,1000000000,"Fintech"
"Standard","United States","North America",1034,2017,2021,1000000000,"Artificial intelligence"
"Agile Robots","Germany","Europe",855,2018,2021,1000000000,"Hardware"
"Outschool","United States","North America",345,2015,2021,3000000000,"Edtech"
"Coda","United States","North America",691,2014,2021,1000000000,"Internet software & services"
"Amagi","India","Asia",860,2008,2022,1000000000,"Internet software & services"
"Opentrons","United States","North America",511,2016,2021,2000000000,"Hardware"
"Papa","United States","North America",704,2016,2021,1000000000,"Health"
"Boom Supersonic","United States","North America",881,2014,2020,1000000000,"Other"
"Intercom","United States","North America",747,2011,2018,1000000000,"Internet software & services"
"Amount","United States","North America",861,2019,2021,1000000000,"Fintech"
"Lusha","United States","North America",407,2016,2021,2000000000,"Internet software & services"
"Ajaib","Indonesia","Asia",858,2018,2021,1000000000,"Fintech"
"BigID","United States","North America",749,2015,2020,1000000000,"Cybersecurity"
"Rivigo","India","Asia",841,2014,2019,1000000000,"""Supply chain, logistics, & delivery"""
"Sourcegraph","United States","North America",282,2013,2021,3000000000,"Internet software & services"
"Slice","India","Asia",1026,2015,2021,1000000000,"Fintech"
"MobiKwik","India","Asia",630,2009,2021,1000000000,"Fintech"
"Hyperchain","China","Asia",621,2016,2021,1000000000,"Fintech"
"Jiuxian","China","Asia",847,2009,2015,1000000000,"E-commerce & direct-to-consumer"
"BrowserStack","Ireland","Europe",223,2011,2021,4000000000,"Internet software & services"
"Red Ventures","United States","North America",1009,2000,2015,1000000000,"Other"
"Formlabs","United States","North America",563,2011,2018,2000000000,"Hardware"
"H2O.ai","United States","North America",476,2011,2021,2000000000,"Artificial intelligence"
"Mobvoi","China","Asia",970,2012,2017,1000000000,"Consumer & retail"
"Orchard","United States","North America",990,2017,2021,1000000000,"Fintech"
"Tongdun Technology","China","Asia",728,2013,2019,1000000000,"Cybersecurity"
"Paradox","United States","North America",415,2016,2021,2000000000,"Internet software & services"
"LinkDoc Technology","China","Asia",956,2014,2018,1000000000,"Health"
"Snapdocs","United States","North America",418,2012,2021,2000000000,"Fintech"
"Chronosphere","United States","North America",892,2019,2021,1000000000,"Data management & analytics"
"Owkin","United States","North America",991,2016,2021,1000000000,"Artificial intelligence"
"SMS Assist","United States","North America",1028,2003,2016,1000000000,"Internet software & services"
"Truepill","United States","North America",454,2016,2021,2000000000,"Health"
"Culture Amp","Australia","Oceania",400,2011,2021,2000000000,"Internet software & services"
"The Zebra","United States","North America",1042,2012,2021,1000000000,"E-commerce & direct-to-consumer"
"Incode Technologies","United States","North America",753,2015,2021,1000000000,"Cybersecurity"
"Expel","United States","North America",911,2016,2021,1000000000,"Cybersecurity"
"G2","United States","North America",819,2012,2021,1000000000,"Internet software & services"
"Reify Health","United States","North America",507,2012,2021,2000000000,"Health"
"Evidation","United States","North America",910,2012,2021,1000000000,"Health"
"Mythical Games","United States","North America",756,2018,2021,1000000000,"Internet software & services"
"Productboard","United States","North America",480,2014,2022,2000000000,"Internet software & services"
"impact.com","United States","North America",405,2008,2021,2000000000,"Internet software & services"
"Gymshark","United Kingdom","Europe",683,2012,2020,1000000000,"E-commerce & direct-to-consumer"
"Lydia","France","Europe",959,2011,2021,1000000000,"Fintech"
"LetsGetChecked","Ireland","Europe",954,2015,2021,1000000000,"Health"
"VAST Data","United States","North America",203,2016,2020,4000000000,"Data management & analytics"
"HyalRoute","Singapore","Asia",170,2015,2020,4000000000,"Mobile & telecommunications"
"Firebolt","Israel","Asia",698,2019,2022,1000000000,"Data management & analytics"
"Tealium","United States","North America",790,2008,2021,1000000000,"Internet software & services"
"Mammoth Biosciences","United States","North America",962,2017,2021,1000000000,"Health"
"Aqua Security","Israel","Asia",865,2015,2021,1000000000,"Cybersecurity"
"Glossier","United States","North America",461,2014,2019,2000000000,"Consumer & retail"
"DT Dream","China","Asia",670,2015,2017,1000000000,"Data management & analytics"
"Jeeves","United States","North America",529,2019,2022,2000000000,"Fintech"
"Pipa Coding","China","Asia",634,2017,2021,1000000000,"Edtech"
"Contrast Security","United States","North America",897,2014,2021,1000000000,"Cybersecurity"
"Gelato","Norway","Europe",924,2007,2021,1000000000,"E-commerce & direct-to-consumer"
"Copado","United States","North America",768,2013,2021,1000000000,"Data management & analytics"
"Salt Security","United States","North America",707,2016,2022,1000000000,"Cybersecurity"
"K Health","United States","North America",673,2016,2021,1000000000,"Health"
"TrueLayer","United Kingdom","Europe",1049,2016,2021,1000000000,"Fintech"
"Scandit","Switzerland","Europe",1017,2009,2022,1000000000,"""Supply chain, logistics, & delivery"""
"Aibee","China","Asia",856,2017,2021,1000000000,"Artificial intelligence"
"RapidAPI","United States","North America",1007,2015,2022,1000000000,"Internet software & services"
"Hibob","Israel","Asia",462,2015,2021,2000000000,"Internet software & services"
"Sisense","United States","North America",832,2004,2020,1000000000,"Data management & analytics"
"Infra.Market","India","Asia",265,2016,2021,3000000000,"E-commerce & direct-to-consumer"
"ZenBusiness","United States","North America",485,2015,2021,2000000000,"Fintech"
"Skydance Media","United States","North America",490,2010,2020,2000000000,"Other"
"Motorway","United Kingdom","Europe",723,2017,2021,1000000000,"E-commerce & direct-to-consumer"
"Feedzai","United States","North America",913,2009,2021,1000000000,"Artificial intelligence"
"ReCharge","United States","North America",534,2017,2021,2000000000,"Fintech"
"Pattern","United States","North America",494,2013,2021,2000000000,"Internet software & services"
"Mixpanel","United States","North America",849,2009,2021,1000000000,"Internet software & services"
"Emerging Markets Property Group","United Arab Emirates","Asia",908,2015,2020,1000000000,"Other"
"Immutable","Australia","Oceania",264,2018,2022,3000000000,"Fintech"
"Bunq","Netherlands","Europe",550,2013,2021,2000000000,"Fintech"
"MindTickle","United States","North America",778,2012,2021,1000000000,"Internet software & services"
"Juma Peisong","China","Asia",624,2011,2018,1000000000,"""Supply chain, logistics, & delivery"""
"Lookout","United States","North America",958,2007,2013,1000000000,"Cybersecurity"
"Capitolis","United States","North America",440,2017,2022,2000000000,"Fintech"
"FXiaoKe","China","Asia",921,2011,2015,1000000000,"Mobile & telecommunications"
"GO1","Australia","Oceania",926,2015,2021,1000000000,"Internet software & services"
"OCSiAl","Luxembourg","Europe",584,2012,2019,2000000000,"Other"
"NIUM","Singapore","Asia",980,2014,2021,1000000000,"Fintech"
"Biren Technology","China","Asia",468,2019,2020,2000000000,"Hardware"
"SparkCognition","United States","North America",709,2013,2022,1000000000,"Artificial intelligence"
"Lendable","United Kingdom","Europe",138,2014,2021,5000000000,"Fintech"
"Epirus","United States","North America",719,2018,2022,1000000000,"Other"
"MUSINSA","South Korea","Asia",505,2001,2019,2000000000,"E-commerce & direct-to-consumer"
"Carousell","Singapore","Asia",811,2012,2021,1000000000,"E-commerce & direct-to-consumer"
"Built","United States","North America",395,2015,2021,2000000000,"Internet software & services"
"YugaByte","United States","North America",746,2016,2021,1000000000,"Data management & analytics"
"Vedantu","India","Asia",1052,2014,2021,1000000000,"Edtech"
"At-Bay","United States","North America",806,2016,2021,1000000000,"Fintech"
"BenevolentAI","United Kingdom","Europe",873,2013,2015,1000000000,"Artificial intelligence"
"Meero","France","Europe",966,2016,2019,1000000000,"Artificial intelligence"
"AppsFlyer","United States","North America",545,2011,2020,2000000000,"Mobile & telecommunications"
"Fabric","United States","North America",912,2015,2021,1000000000,"""Supply chain, logistics, & delivery"""
"Rec Room","United States","North America",187,2016,2021,4000000000,"Internet software & services"
"Ripple","United States","North America",47,2012,2019,10000000000,"Fintech"
"Augury","United States","North America",868,2011,2021,1000000000,"Artificial intelligence"
"fabric","United States","North America",671,2017,2022,1000000000,"E-commerce & direct-to-consumer"
"Aledade","United States","North America",521,2014,2021,2000000000,"Health"
"Spring Health","United States","North America",591,2016,2021,2000000000,"Health"
"SWORD Health","United States","North America",593,2015,2021,2000000000,"Health"
"National Stock Exchange of India","India","Asia",84,1998,2020,7000000000,"Fintech"
"Transcarent","United States","North America",459,2020,2022,2000000000,"Health"
"Huaqin Telecom Technology","China","Asia",514,2005,2019,2000000000,"Mobile & telecommunications"
"Veho","United States","North America",425,2016,2021,2000000000,"""Supply chain, logistics, & delivery"""
"Everlaw","United States","North America",561,2010,2020,2000000000,"Internet software & services"
"Blockstream","Canada","North America",303,2014,2021,3000000000,"Fintech"
"Fever Labs","United States","North America",914,2012,2022,1000000000,"Internet software & services"
"Locus Robotics","United States","North America",957,2014,2021,1000000000,"Hardware"
"Il Makiage","United States","North America",368,2018,2022,2000000000,"E-commerce & direct-to-consumer"
"Articulate","United States","North America",204,2015,2021,4000000000,"Edtech"
"Chime","United States","North America",14,2013,2019,25000000000,"Fintech"
"REEF Technology","United States","North America",1010,2015,2018,1000000000,"""Supply chain, logistics, & delivery"""
"Revolut","United Kingdom","Europe",10,2015,2018,33000000000,"Fintech"
"Hozon Auto","China","Asia",220,2014,2022,4000000000,"Auto & transportation"
"Fair","United States","North America",615,2016,2018,1000000000,"Auto & transportation"
"Checkout.com","United Kingdom","Europe",6,2012,2019,40000000000,"Fintech"
"Stripe","United States","North America",3,2010,2014,95000000000,"Fintech"
"Getir","Turkey","Europe",34,2015,2021,12000000000,"E-commerce & direct-to-consumer"
"FTX","Bahamas","North America",12,2018,2021,32000000000,"Fintech"
"Hello TransTech","China","Asia",657,2016,2018,1000000000,"Auto & transportation"
"Greensill","United Kingdom","Europe",169,2011,2018,4000000000,"Fintech"
"SHEIN","China","Asia",2,2008,2018,100000000000,"E-commerce & direct-to-consumer"
"Devoted Health","United States","North America",26,2017,2018,13000000000,"Health"
"Ziroom","China","Asia",93,2011,2018,7000000000,"E-commerce & direct-to-consumer"
"Horizon Robotics","China","Asia",176,2015,2019,4000000000,"Artificial intelligence"
"Impossible Foods","United States","North America",86,2011,2019,7000000000,"Consumer & retail"
"Kavak","Mexico","North America",66,2016,2020,9000000000,"E-commerce & direct-to-consumer"
"Nuro","United States","North America",64,2016,2019,9000000000,"Auto & transportation"
"Yanolja","South Korea","Asia",62,2005,2019,9000000000,"Travel"
"Thrasio","United States","North America",60,2018,2020,10000000000,"Other"
"Dream11","India","Asia",71,2007,2019,8000000000,"Internet software & services"
"Snapdeal","India","Asia",640,2008,2014,1000000000,"E-commerce & direct-to-consumer"
"Lalamove","Hong Kong","Asia",56,2013,2019,10000000000,"""Supply chain, logistics, & delivery"""
"Lacework","United States","North America",76,2015,2021,8000000000,"Cybersecurity"
"Flexport","United States","North America",83,2013,2018,8000000000,"""Supply chain, logistics, & delivery"""
"Rappi","Colombia","South America",149,2015,2018,5000000000,"""Supply chain, logistics, & delivery"""
"N26","Germany","Europe",67,2013,2019,9000000000,"Fintech"
"C6 Bank","Brazil","South America",155,2018,2020,5000000000,"Fintech"
"Easyhome","China","Asia",103,1999,2018,6000000000,"Consumer & retail"
"ConcertAI","United States","North America",523,2018,2022,2000000000,"Artificial intelligence"
"SmartMore","China","Asia",789,2019,2021,1000000000,"Artificial intelligence"
"Maimai","China","Asia",961,2013,2017,1000000000,"Mobile & telecommunications"
"58 Daojia","China","Asia",854,2014,2015,1000000000,"Internet software & services"
"ClickHouse","United States","North America",554,2021,2021,2000000000,"Data management & analytics"
"CoinSwitch Kuber","India","Asia",522,2017,2021,2000000000,"Fintech"
"Huike Group","China","Asia",935,2010,2018,1000000000,"Edtech"
"Chipper Cash","United States","North America",552,2017,2021,2000000000,"Fintech"
"Astranis Space Technologies","United States","North America",687,2015,2021,1000000000,"Mobile & telecommunications"
"Enpal","Germany","Europe",815,2017,2021,1000000000,"Internet software & services"
"Clearcover","United States","North America",895,2016,2021,1000000000,"Fintech"
"Lightricks","Israel","Asia",510,2013,2019,2000000000,"Artificial intelligence"
"Moveworks","United States","North America",531,2016,2021,2000000000,"Artificial intelligence"
"KnowBox","China","Asia",949,2014,2019,1000000000,"Edtech"
"Staffbase","Germany","Europe",833,2014,2022,1000000000,"Internet software & services"
"WTOIP","China","Asia",650,2013,2018,1000000000,"Internet software & services"
"Vox Media","United States","North America",1057,2011,2015,1000000000,"Internet software & services"
"Public","United States","North America",785,2008,2021,1000000000,"Fintech"
"Matillion","United Kingdom","Europe",408,2011,2021,2000000000,"Data management & analytics"
"Savage X Fenty","United States","North America",1015,2018,2021,1000000000,"E-commerce & direct-to-consumer"
"TalkingData","China","Asia",642,2013,2021,1000000000,"Mobile & telecommunications"
"Globality","United States","North America",617,2015,2019,1000000000,"Artificial intelligence"
"MyGlamm","India","Asia",779,2015,2021,1000000000,"E-commerce & direct-to-consumer"
"Gousto","United Kingdom","Europe",475,2012,2020,2000000000,"""Supply chain, logistics, & delivery"""
"Sky Mavis","Vietnam","Asia",349,2019,2021,3000000000,"Internet software & services"
"Vercel","United States","North America",272,2015,2021,3000000000,"Internet software & services"
"Scalable Capital","Germany","Europe",708,2014,2021,1000000000,"Fintech"
"FLASH","United States","North America",916,2011,2022,1000000000,"Fintech"
"Komodo Health","United States","North America",289,2014,2020,3000000000,"Health"
"Spendesk","France","Europe",675,2015,2022,1000000000,"Fintech"
"Side","United States","North America",266,2017,2021,3000000000,"Internet software & services"
"Prime Medicine","United States","North America",784,2019,2021,1000000000,"Health"
"CircleCI","United States","North America",471,2011,2021,2000000000,"Internet software & services"
"iTutorGroup","China","Asia",622,1998,2015,1000000000,"Edtech"
"LTK","United States","North America",574,2011,2021,2000000000,"Internet software & services"
"BigPanda","United States","North America",766,2012,2022,1000000000,"Artificial intelligence"
"Degreed","United States","North America",693,2012,2021,1000000000,"Edtech"
"Extend","United States","North America",390,2004,2021,2000000000,"Fintech"
"Olist","Brazil","South America",413,2015,2021,2000000000,"E-commerce & direct-to-consumer"
"M1 Finance","United States","North America",684,2015,2021,1000000000,"Fintech"
"Elemy","United States","North America",801,2019,2021,1000000000,"Health"
"OVO Energy","United Kingdom","Europe",748,2009,2019,1000000000,"Other"
"FalconX","United States","North America",206,2018,2021,4000000000,"Fintech"
"Honor Technology","United States","North America",752,2014,2021,1000000000,"Internet software & services"
"Gaussian Robotics","China","Asia",820,2013,2021,1000000000,"Hardware"
"MediaMath","United States","North America",965,2007,2018,1000000000,"Internet software & services"
"Infinidat","United States","North America",448,2011,2015,2000000000,"Hardware"
"DriveNets","Israel","Asia",902,2015,2021,1000000000,"Internet software & services"
"Swile","France","Europe",1036,2016,2021,1000000000,"Fintech"
"Cedar","United States","North America",304,2016,2021,3000000000,"Fintech"
"Amber Group","Hong Kong","Asia",325,2015,2021,3000000000,"Fintech"
"Shield AI","United States","North America",1019,2015,2021,1000000000,"Artificial intelligence"
"Clarify Health","United States","North America",690,2015,2022,1000000000,"Health"
"Rad Power Bikes","United States","North America",636,2007,2021,1000000000,"Auto & transportation"
"Lattice","United States","North America",342,2015,2021,3000000000,"Internet software & services"
"LaunchDarkly","United States","North America",343,2014,2021,3000000000,"Internet software & services"
"HMD Global","Finland","Europe",933,2016,2018,1000000000,"Mobile & telecommunications"
"ReliaQuest","United States","North America",1011,2007,2021,1000000000,"Cybersecurity"
"Womai","China","Asia",1062,2009,2015,1000000000,"E-commerce & direct-to-consumer"
"Zenoti","United States","North America",428,2010,2020,2000000000,"Internet software & services"
"ShipBob","United States","North America",1021,2014,2021,1000000000,"""Supply chain, logistics, & delivery"""
"Contentful","Germany","Europe",332,2013,2021,3000000000,"Internet software & services"
"Kopi Kenangan","Indonesia","Asia",950,2017,2021,1000000000,"Consumer & retail"
"Figma","United States","North America",54,2012,2020,10000000000,"Internet software & services"
"Ironclad","United States","North America",308,2014,2022,3000000000,"Internet software & services"
"Algolia","United States","North America",493,2012,2021,2000000000,"Internet software & services"
"Webflow","United States","North America",237,2012,2021,4000000000,"Internet software & services"
"Betterment","United States","North America",730,2010,2021,1000000000,"Fintech"
"Loadsmart","United States","North America",741,2014,2022,1000000000,"""Supply chain, logistics, & delivery"""
"MadeiraMadeira","Brazil","South America",960,2009,2021,1000000000,"E-commerce & direct-to-consumer"
"TechStyle Fashion Group","United States","North America",1038,2010,2014,1000000000,"E-commerce & direct-to-consumer"
"Oda","Norway","Europe",780,2013,2021,1000000000,"E-commerce & direct-to-consumer"
"Inari","United States","North America",774,2016,2021,1000000000,"Other"
"Human Interest","United States","North America",936,2015,2021,1000000000,"Fintech"
"TradingView","United States","North America",351,2011,2021,3000000000,"Fintech"
"Zilch","United Kingdom","Europe",602,2018,2021,2000000000,"Fintech"
"Guideline","United States","North America",802,2015,2021,1000000000,"Fintech"
"L&P Cosmetic","South Korea","Asia",794,2009,2016,1000000000,"Consumer & retail"
"MindMaze","Switzerland","Europe",381,2012,2016,2000000000,"Health"
"Skydio","United States","North America",1025,2014,2021,1000000000,"""Supply chain, logistics, & delivery"""
"Sennder","Germany","Europe",831,2015,2021,1000000000,"""Supply chain, logistics, & delivery"""
"Zeta","United States","North America",429,2015,2021,2000000000,"Fintech"
"Aviatrix","United States","North America",547,2014,2021,2000000000,"Internet software & services"
"Iterable","United States","North America",568,2013,2021,2000000000,"Internet software & services"
"Notion Labs","United States","North America",57,2016,2020,10000000000,"Internet software & services"
"LifeMiles","Colombia","South America",628,2011,2015,1000000000,"Other"
"CloudWalk","Brazil","South America",517,2015,2021,2000000000,"Fintech"
"Merama","Mexico","North America",777,2020,2021,1000000000,"E-commerce & direct-to-consumer"
"Nexthink","Switzerland","Europe",827,2004,2021,1000000000,"Data management & analytics"
"Qumulo","United States","North America",786,2012,2020,1000000000,"Data management & analytics"
"InVision","United States","North America",528,2011,2017,2000000000,"Internet software & services"
"Globalization Partners","United States","North America",210,2012,2022,4000000000,"Internet software & services"
"Flash Express","Thailand","Asia",917,2017,2021,1000000000,"""Supply chain, logistics, & delivery"""
"Calendly","United States","North America",328,2013,2021,3000000000,"Internet software & services"
"Diamond Foundry","United States","North America",508,2012,2021,2000000000,"Other"
"Applied Intuition","United States","North America",192,2017,2020,4000000000,"Data management & analytics"
"PatSnap","Singapore","Asia",994,2007,2021,1000000000,"Internet software & services"
"BlackBuck","India","Asia",877,2015,2021,1000000000,"""Supply chain, logistics, & delivery"""
"Vectra Networks","United States","North America",646,2011,2021,1000000000,"Artificial intelligence"
"Redis Labs","United States","North America",589,2011,2020,2000000000,"Data management & analytics"
"Pendo","United States","North America",278,2013,2019,3000000000,"Internet software & services"
"Dragos","United States","North America",474,2016,2021,2000000000,"Cybersecurity"
"FlashEx","China","Asia",918,2014,2018,1000000000,"""Supply chain, logistics, & delivery"""
"ActiveCampaign","United States","North America",323,2003,2021,3000000000,"Internet software & services"
"Unisound","China","Asia",729,2012,2018,1000000000,"Artificial intelligence"
"TangoMe","United States","North America",835,2009,2014,1000000000,"Mobile & telecommunications"
"Bordrin Motors","China","Asia",680,2016,2019,1000000000,"Auto & transportation"
"Groq","United States","North America",927,2016,2021,1000000000,"Artificial intelligence"
"Alan","France","Europe",467,2016,2021,2000000000,"Fintech"
"Roofstock","United States","North America",535,2015,2022,2000000000,"Fintech"
"Helium Systems","United States","North America",773,2013,2022,1000000000,"Internet software & services"
"Unqork","United States","North America",596,2017,2020,2000000000,"Fintech"
"SiFive","United States","North America",267,2015,2022,3000000000,"Hardware"
"Chainalysis","United States","North America",208,2014,2020,4000000000,"Fintech"
"Koudai","China","Asia",702,2010,2014,1000000000,"E-commerce & direct-to-consumer"
"Wacai","China","Asia",648,2009,2018,1000000000,"Mobile & telecommunications"
"PPRO","United Kingdom","Europe",1003,2006,2021,1000000000,"Fintech"
"NotCo","Chile","South America",412,2015,2021,2000000000,"Artificial intelligence"
"Divvy Homes","United States","North America",558,2017,2021,2000000000,"Fintech"
"SnapLogic","United States","North America",1029,2006,2021,1000000000,"Internet software & services"
"Icertis","United States","North America",158,2009,2019,5000000000,"Artificial intelligence"
"Urban Company","India","Asia",536,2014,2021,2000000000,"E-commerce & direct-to-consumer"
"Virta Health","United States","North America",598,2015,2020,2000000000,"Health"
"ZocDoc","United States","North America",512,2007,2015,2000000000,"Health"
"ZongMu Technology","China","Asia",39,2013,2021,11000000000,"Auto & transportation"
"Tarana Wireless","United States","North America",1037,2009,2022,1000000000,"Mobile & telecommunications"
"Mobile Premier League","India","Asia",431,2018,2021,2000000000,"Internet software & services"
"Konfio","Mexico","North America",739,2013,2021,1000000000,"Fintech"
"Bitso","Mexico","North America",499,2014,2021,2000000000,"Fintech"
"Guild Education","United States","North America",207,2015,2019,4000000000,"Internet software & services"
"Zhaogang","China","Asia",1069,2012,2017,1000000000,"E-commerce & direct-to-consumer"
"Innovaccer","United States","North America",307,2014,2021,3000000000,"Health"
"ASAPP","United States","North America",437,2014,2021,2000000000,"Artificial intelligence"
"Rohlik","Czech Republic","Europe",787,2019,2021,1000000000,"""Supply chain, logistics, & delivery"""
"Andela","United States","North America",392,2014,2021,2000000000,"Internet software & services"
"Flock Safety","United States","North America",182,2017,2021,4000000000,"Hardware"
"Devo","United States","North America",401,2011,2021,2000000000,"Data management & analytics"
"Clip","Mexico","North America",555,2012,2021,2000000000,"Fintech"
"VideoAmp","United States","North America",713,2014,2021,1000000000,"Internet software & services"
"GrubMarket","United States","North America",772,2013,2021,1000000000,"E-commerce & direct-to-consumer"
"GupShup","United States","North America",700,2011,2021,1000000000,"Internet software & services"
"Clio","Canada","North America",442,2008,2021,2000000000,"Internet software & services"
"Beisen","China","Asia",663,2002,2021,1000000000,"Internet software & services"
"Yunxuetang","China","Asia",1068,2011,2021,1000000000,"Edtech"
"Signifyd","United States","North America",722,2011,2021,1000000000,"Fintech"
"Exabeam","United States","North America",444,2013,2021,2000000000,"Cybersecurity"
"CargoX","Brazil","South America",888,2015,2021,1000000000,"""Supply chain, logistics, & delivery"""
"Fenbi Education","China","Asia",366,2015,2021,2000000000,"Edtech"
"Fiture","China","Asia",915,2019,2021,1000000000,"Health"
"Groww","India","Asia",339,2017,2021,3000000000,"Fintech"
"Ynsect","France","Europe",656,2011,2019,1000000000,"Other"
"ECARX","China","Asia",659,2016,2020,1000000000,"Auto & transportation"
"Modernizing Medicine","United States","North America",631,2010,2017,1000000000,"Health"
"Axonius","United States","North America",275,2017,2021,3000000000,"Cybersecurity"
"TELD","China","Asia",807,2014,2019,1000000000,"Fintech"
"Omio","Germany","Europe",985,2013,2018,1000000000,"Travel"
"WEMAKEPRICE","South Korea","Asia",466,2009,2015,2000000000,"E-commerce & direct-to-consumer"
"Eightfold.ai","United States","North America",524,2016,2020,2000000000,"Internet software & services"
"BlockDaemon","United States","North America",296,2016,2021,3000000000,"Fintech"
"Flock Freight","United States","North America",735,2015,2021,1000000000,"""Supply chain, logistics, & delivery"""
"Skims","United States","North America",309,2019,2021,3000000000,"E-commerce & direct-to-consumer"
"Magic Leap","United States","North America",577,2010,2014,2000000000,"Hardware"
"goPuff","United States","North America",23,2013,2020,15000000000,"E-commerce & direct-to-consumer"
"SVOLT","China","Asia",105,2018,2020,6000000000,"Auto & transportation"
"Databricks","United States","North America",9,2013,2019,38000000000,"Data management & analytics"
"Zuoyebang","China","Asia",46,2014,2018,10000000000,"Edtech"
"Instacart","United States","North America",7,2012,2014,39000000000,"""Supply chain, logistics, & delivery"""
"OYO Rooms","India","Asia",48,2012,2018,10000000000,"Travel"
"Dialpad","United States","North America",502,2011,2020,2000000000,"Internet software & services"
"Grammarly","United States","North America",28,2009,2019,13000000000,"Internet software & services"
"YITU Technology","China","Asia",516,2012,2018,2000000000,"Artificial intelligence"
"BitSight Technologies","United States","North America",438,2013,2021,2000000000,"Cybersecurity"
"Current","United States","North America",501,2015,2021,2000000000,"Fintech"
"DispatchHealth","United States","North America",473,2013,2021,2000000000,"Health"
"solarisBank","Germany","Europe",465,2016,2021,2000000000,"Fintech"
"Thought Machine","United Kingdom","Europe",1044,2014,2021,1000000000,"Fintech"
"Fundbox","United States","North America",818,2013,2021,1000000000,"Fintech"
"Whoop","United States","North America",195,2012,2020,4000000000,"E-commerce & direct-to-consumer"
"Better.com","United States","North America",125,2018,2020,6000000000,"Fintech"
"CAIS","United States","North America",885,2009,2022,1000000000,"Fintech"
"Cabify","Spain","Europe",689,2011,2018,1000000000,"Auto & transportation"
"Ethos","United States","North America",288,2016,2021,3000000000,"Fintech"
"JumpCloud","United States","North America",280,2012,2021,3000000000,"Data management & analytics"
"Socar","South Korea","Asia",843,2012,2020,1000000000,"Auto & transportation"
"Acronis","Switzerland","Europe",256,2003,2019,3000000000,"Cybersecurity"
"Neo4j","United States","North America",582,2007,2021,2000000000,"Data management & analytics"
"TravelPerk","Spain","Europe",745,2015,2022,1000000000,"Travel"
"Dremio","United States","North America",559,2015,2021,2000000000,"Data management & analytics"
"SmartNews","Japan","Asia",590,2012,2019,2000000000,"Mobile & telecommunications"
"Benchling","United States","North America",124,2012,2021,6000000000,"Internet software & services"
"Patreon","United States","North America",233,2013,2020,4000000000,"Internet software & services"
"dbt Labs","United States","North America",209,2016,2021,4000000000,"Data management & analytics"
"Starburst","United States","North America",284,1999,2021,3000000000,"Data management & analytics"
"Workato","United States","North America",119,2013,2021,6000000000,"Internet software & services"
"Scalapay","Italy","Europe",1016,2019,2022,1000000000,"Fintech"
"o9 Solutions","United States","North America",291,2009,2020,3000000000,"Artificial intelligence"
"Pagaya","Israel","Asia",371,2015,2020,2000000000,"Fintech"
"KeepTruckin","United States","North America",488,2013,2019,2000000000,"""Supply chain, logistics, & delivery"""
"Vista Global","United Arab Emirates","Asia",245,2004,2017,3000000000,"Other"
"ABL Space Systems","United States","North America",435,2017,2021,2000000000,"Other"
"Podium","United States","North America",346,2014,2020,3000000000,"Internet software & services"
"ezCater","United States","North America",445,2007,2019,2000000000,"""Supply chain, logistics, & delivery"""
"Ankorstore","France","Europe",539,2019,2022,2000000000,"E-commerce & direct-to-consumer"
"BloomReach","United States","North America",500,2009,2022,2000000000,"Artificial intelligence"
"Zume","United States","North America",497,2015,2018,2000000000,"Consumer & retail"
"Gemini","United States","North America",99,2015,2021,7000000000,"Fintech"
"NoBroker","India","Asia",981,2014,2021,1000000000,"Internet software & services"
"Moon Active","Israel","Asia",159,2011,2020,5000000000,"Mobile & telecommunications"
"6Sense","United States","North America",150,2013,2021,5000000000,"Artificial intelligence"
"Stash","United States","North America",710,2015,2021,1000000000,"Fintech"
"Seismic","United States","North America",348,2010,2018,3000000000,"Internet software & services"
"OpenSea","United States","North America",27,2017,2021,13000000000,"E-commerce & direct-to-consumer"
"LivSpace","India","Asia",776,2015,2022,1000000000,"E-commerce & direct-to-consumer"
"Pleo","Denmark","Europe",145,2015,2021,5000000000,"Fintech"
"Jokr","United States","North America",775,2021,2021,1000000000,"E-commerce & direct-to-consumer"
"AppDirect","United States","North America",385,2009,2015,2000000000,"E-commerce & direct-to-consumer"
"VerbIT","United States","North America",597,2016,2021,2000000000,"Artificial intelligence"
"Ouyeel","China","Asia",685,2015,2019,1000000000,"Internet software & services"
"Postman","United States","North America",112,2014,2020,6000000000,"Internet software & services"
"Pharmapacks","United States","North America",829,2010,2020,1000000000,"E-commerce & direct-to-consumer"
"Clearco","Canada","North America",553,2015,2021,2000000000,"Fintech"
"MoMo","Vietnam","Asia",492,2013,2021,2000000000,"Fintech"
"Handshake","United States","North America",183,2014,2021,4000000000,"Internet software & services"
"Tekion","United States","North America",188,2016,2020,4000000000,"Internet software & services"
"ElasticRun","India","Asia",402,2016,2022,2000000000,"""Supply chain, logistics, & delivery"""
"Solugen","United States","North America",419,2016,2021,2000000000,"Other"
"Yotpo","United States","North America",715,2011,2021,1000000000,"Internet software & services"
"Akulaku","Indonesia","Asia",543,2014,2022,2000000000,"E-commerce & direct-to-consumer"
"Geek+","China","Asia",923,2015,2018,1000000000,"Hardware"
"Shulan Health","China","Asia",638,2015,2021,1000000000,"Health"
"Eat Just","United States","North America",660,2011,2017,1000000000,"Consumer & retail"
"Papaya Global","United States","North America",199,2016,2021,4000000000,"Internet software & services"
"FirstCry","India","Asia",525,2010,2020,2000000000,"E-commerce & direct-to-consumer"
"Zhubajie","China","Asia",458,2006,2015,2000000000,"Internet software & services"
"Vuori","United States","North America",236,2015,2021,4000000000,"E-commerce & direct-to-consumer"
"Rippling","United States","North America",90,2017,2020,7000000000,"Internet software & services"
"Mambu","Netherlands","Europe",108,2011,2021,6000000000,"Fintech"
"Lunar","Denmark","Europe",575,2015,2021,2000000000,"Fintech"
"CarDekho","India","Asia",767,2008,2021,1000000000,"E-commerce & direct-to-consumer"
"Omada Health","United States","North America",984,2011,2022,1000000000,"Health"
"BlaBlaCar","France","Europe",548,2006,2015,2000000000,"Auto & transportation"
"Yuga Labs","United States","North America",238,2021,2022,4000000000,"Fintech"
"MX Technologies","United States","North America",532,2010,2021,2000000000,"Fintech"
"Exotec","France","Europe",562,2015,2022,2000000000,"Hardware"
"Tonal","United States","North America",453,2015,2021,2000000000,"E-commerce & direct-to-consumer"
"Five Star Business Finance","India","Asia",699,1984,2021,1000000000,"Other"
"Deliverr","United States","North America",557,2017,2021,2000000000,"""Supply chain, logistics, & delivery"""
"Acko General Insurance","India","Asia",808,2016,2021,1000000000,"Fintech"
"Nexii","Canada","North America",759,2020,2021,1000000000,"Other"
"Boba","United States","North America",357,2018,2022,2000000000,"Fintech"
"Gauntlet Networks","United States","North America",922,2018,2022,1000000000,"Fintech"
"EBANX","Brazil","South America",905,2012,2019,1000000000,"Fintech"
"MasterClass","United States","North America",300,2015,2021,3000000000,"Edtech"
"Cerebral","United States","North America",151,2020,2021,5000000000,"Health"
"Nature's Fynd","United States","North America",976,2012,2021,1000000000,"Other"
"Somatus","United States","North America",268,2016,2022,3000000000,"Health"
"Ledger","France","Europe",406,2014,2021,2000000000,"Hardware"
"Dream Games","Turkey","Europe",298,2019,2021,3000000000,"Mobile & telecommunications"
"ChargeBee Technologies","United States","North America",179,2011,2021,4000000000,"Fintech"
"Moglix","Singapore","Asia",242,2015,2021,3000000000,"E-commerce & direct-to-consumer"
"Enflame","China","Asia",387,2018,2021,2000000000,"Hardware"
"Trulioo","Canada","North America",496,2011,2021,2000000000,"Cybersecurity"
"Flutterwave","United States","North America",336,2016,2021,3000000000,"Fintech"
"Grove Collaborative","United States","North America",727,2016,2019,1000000000,"E-commerce & direct-to-consumer"
"Druva","United States","North America",560,2007,2019,2000000000,"Data management & analytics"
"HighRadius","United States","North America",318,2006,2020,3000000000,"Fintech"
"Mynt","Philippines","Asia",581,2015,2021,2000000000,"Fintech"
"Miro","United States","North America",18,2011,2022,18000000000,"Internet software & services"
"Course Hero","United States","North America",193,2006,2020,4000000000,"Edtech"
"Bought By Many","United Kingdom","Europe",358,2012,2021,2000000000,"Fintech"
"Route","United States","North America",757,2018,2022,1000000000,"""Supply chain, logistics, & delivery"""
"ApplyBoard","Canada","North America",302,2015,2020,3000000000,"Edtech"
"Zipline","United States","North America",311,2014,2019,3000000000,"""Supply chain, logistics, & delivery"""
"Rothy's","United States","North America",1013,2016,2021,1000000000,"Consumer & retail"
"Rokt","United States","North America",537,2012,2021,2000000000,"Internet software & services"
"Anchorage Digital","United States","North America",326,2017,2021,3000000000,"Fintech"
"Outreach","United States","North America",190,2011,2019,4000000000,"Internet software & services"
"Licious","India","Asia",955,2015,2021,1000000000,"E-commerce & direct-to-consumer"
"Blockchain.com","United Kingdom","Europe",24,2011,2021,14000000000,"Fintech"
"Royole Corporation","China","Asia",133,2012,2015,5000000000,"Hardware"
"YipitData","United States","North America",1067,2008,2021,1000000000,"Internet software & services"
"GOAT","United States","North America",197,2015,2020,4000000000,"E-commerce & direct-to-consumer"
"StockX","United States","North America",213,2016,2019,4000000000,"E-commerce & direct-to-consumer"
"PayFit","United Kingdom","Europe",533,2016,2022,2000000000,"Fintech"
"Yaoshibang","China","Asia",721,2015,2021,1000000000,"Health"
"NuCom Group","Germany","Europe",506,2016,2018,2000000000,"Other"
"Clari","United States","North America",276,2012,2021,3000000000,"Internet software & services"
"Remote","United States","North America",347,2016,2021,3000000000,"Fintech"
"Talkdesk","United States","North America",59,2011,2018,10000000000,"Internet software & services"
"Bowery Farming","United States","North America",486,2015,2021,2000000000,"Other"
"Color","United States","North America",142,2013,2021,5000000000,"Health"
"HoneyBook","United States","North America",447,2013,2021,2000000000,"Internet software & services"
"Arctic Wolf Networks","United States","North America",196,2012,2020,4000000000,"Cybersecurity"
"Chehaoduo","China","Asia",52,2015,2016,10000000000,"E-commerce & direct-to-consumer"
"BYJU's","India","Asia",15,2008,2017,22000000000,"Edtech"
"Fanatics","United States","North America",13,2002,2012,27000000000,"E-commerce & direct-to-consumer"
"Yuanfudao","China","Asia",19,2012,2017,17000000000,"Edtech"
"Northvolt","Sweden","Europe",30,2016,2019,12000000000,"Other"
"Ola Cabs","India","Asia",89,2010,2014,7000000000,"Auto & transportation"
"WM Motor","China","Asia",166,2015,2019,5000000000,"Auto & transportation"
"Argo AI","United States","North America",29,2016,2019,12000000000,"Artificial intelligence"
"Klarna","Sweden","Europe",4,2005,2011,46000000000,"Fintech"
"Age of Learning","United States","North America",324,2007,2016,3000000000,"Edtech"
"Aura","United States","North America",257,2019,2021,3000000000,"Cybersecurity"
"United Imaging Healthcare","China","Asia",165,2011,2017,5000000000,"Health"
"Cambridge Mobile Telematics","United States","North America",359,2010,2018,2000000000,"Mobile & telecommunications"
"Mafengwo","China","Asia",576,2010,2019,2000000000,"Travel"
"Melio","United States","North America",230,2018,2021,4000000000,"Fintech"
"Kitopi","United Arab Emirates","Asia",948,2018,2021,1000000000,"""Supply chain, logistics, & delivery"""
"Coalition","United States","North America",180,2017,2021,4000000000,"Cybersecurity"
"Loggi","Brazil","South America",573,2013,2019,2000000000,"""Supply chain, logistics, & delivery"""
"Medable","United States","North America",530,2013,2021,2000000000,"Internet software & services"
"OwnBackup","United States","North America",283,2015,2021,3000000000,"Data management & analytics"
"Acorns","United States","North America",520,2012,2022,2000000000,"Fintech"
"Spinny","India","Asia",495,2015,2021,2000000000,"E-commerce & direct-to-consumer"
"Epidemic Sound","Sweden","Europe",696,2009,2021,1000000000,"Internet software & services"
"Symphony","United States","North America",711,2014,2017,1000000000,"Fintech"
"Yijiupi","China","Asia",678,2014,2018,1000000000,"Consumer & retail"
"CloudWalk Technology","China","Asia",132,2015,2018,5000000000,"Artificial intelligence"
"ONE","Singapore","Asia",986,2011,2021,1000000000,"Internet software & services"
"VOI","Sweden","Europe",1056,2018,2021,1000000000,"Travel"
"Voodoo","France","Europe",469,2013,2020,2000000000,"Other"
"HuiMin","China","Asia",566,2013,2016,2000000000,"E-commerce & direct-to-consumer"
"Tresata","United States","North America",1047,2011,2018,1000000000,"Fintech"
"PandaDoc","United States","North America",992,2016,2021,1000000000,"Internet software & services"
"Spiber","Japan","Asia",762,2007,2021,1000000000,"Other"
"Rebel Foods","India","Asia",706,2011,2021,1000000000,"E-commerce & direct-to-consumer"
"Aurora Solar","United States","North America",221,2013,2021,4000000000,"Internet software & services"
"Guoquan Shihui","China","Asia",564,2017,2021,2000000000,"Consumer & retail"
"Carbon Health","United States","North America",329,2015,2021,3000000000,"Health"
"China Cloud","China","Asia",608,2010,2018,1000000000,"Hardware"
"Personio","Germany","Europe",116,2015,2021,6000000000,"Internet software & services"
"Alto Pharmacy","United States","North America",859,2015,2020,1000000000,"Health"
"Gympass","United States","North America",504,2012,2019,2000000000,"Internet software & services"
"Forter","United States","North America",337,2013,2020,3000000000,"Cybersecurity"
"BlueVoyant","United States","North America",879,2017,2022,1000000000,"Cybersecurity"
"Misfits Market","United States","North America",578,2018,2021,2000000000,"E-commerce & direct-to-consumer"
"GoCardless","United Kingdom","Europe",527,2011,2022,2000000000,"Fintech"
"LinkSure Network","China","Asia",629,2013,2015,1000000000,"Mobile & telecommunications"
"Digit Insurance","India","Asia",260,2016,2021,3000000000,"Fintech"
"Deezer","France","Europe",692,2007,2018,1000000000,"Internet software & services"
"Cato Networks","Israel","Asia",259,2015,2020,3000000000,"Cybersecurity"
"Assent","Canada","North America",867,2010,2022,1000000000,"""Supply chain, logistics, & delivery"""
"Grafana Labs","United States","North America",338,2014,2021,3000000000,"Internet software & services"
"ClickUp","United States","North America",225,2017,2020,4000000000,"Internet software & services"
"Cgtz","China","Asia",362,2014,2017,2000000000,"Fintech"
"Advance Intelligence Group","Singapore","Asia",541,2016,2021,2000000000,"Artificial intelligence"
"C2FO","United States","North America",883,2008,2019,1000000000,"Fintech"
"Paxos","United States","North America",450,2012,2021,2000000000,"Fintech"
"Nxin","China","Asia",838,2015,2018,1000000000,"Internet software & services"
"Commure","United States","North America",181,2017,2021,4000000000,"Internet software & services"
"PAX","United States","North America",479,2007,2018,2000000000,"Consumer & retail"
"Zetwerk","India","Asia",286,2018,2021,3000000000,"Internet software & services"
"Uala","Argentina","South America",432,2017,2021,2000000000,"Fintech"
"Kaseya","United States","North America",570,2000,2019,2000000000,"Cybersecurity"
"Shift Technology","France","Europe",1020,2014,2021,1000000000,"Artificial intelligence"
"BitPanda","Austria","Europe",216,2014,2021,4000000000,"Fintech"
"Cell C","South Africa","Africa",607,2000,2017,1000000000,"Mobile & telecommunications"
"DianRong","China","Asia",900,2012,2017,1000000000,"E-commerce & direct-to-consumer"
"Tipalti","United States","North America",77,2010,2020,8000000000,"Fintech"
"Upstox","India","Asia",244,2010,2021,3000000000,"Fintech"
"Kajabi","United States","North America",569,2010,2021,2000000000,"Internet software & services"
"DriveWealth","United States","North America",313,2012,2021,3000000000,"Fintech"
"Rubrik","United States","North America",235,2014,2017,4000000000,"Data management & analytics"
"Yimidida","China","Asia",654,2015,2019,1000000000,"""Supply chain, logistics, & delivery"""
"MoonPay","United States","North America",177,2019,2021,4000000000,"Fintech"
"Promasidor Holdings","South Africa","Asia",373,1979,2016,2000000000,"Consumer & retail"
"Greenlight","United States","North America",487,2014,2020,2000000000,"Fintech"
"Weilong Foods","China","Asia",42,1999,2021,11000000000,"Consumer & retail"
"Illumio","United States","North America",299,2013,2015,3000000000,"Cybersecurity"
"Checkr","United States","North America",141,2014,2019,5000000000,"Internet software & services"
"Vinted","Lithuania","Europe",137,2008,2019,5000000000,"E-commerce & direct-to-consumer"
"Alchemy","United States","North America",51,2017,2021,10000000000,"Fintech"
"Pipe","United States","North America",586,2019,2021,2000000000,"Fintech"
"BetterUp","United States","North America",144,2013,2021,5000000000,"Internet software & services"
"HeartFlow","United States","North America",389,2007,2017,2000000000,"Health"
"KRY","Sweden","Europe",572,2014,2021,2000000000,"Health"
"Opay","Nigeria","Africa",585,2018,2021,2000000000,"Fintech"
"Capsule","United States","North America",887,2016,2021,1000000000,"Health"
"Canva","Australia","Oceania",5,2012,2018,40000000000,"Internet software & services"
"XiaoZhu","China","Asia",677,2012,2017,1000000000,"Travel"
"OutSystems","United States","North America",49,2001,2018,10000000000,"Internet software & services"
"Xpressbees","India","Asia",793,2012,2022,1000000000,"""Supply chain, logistics, & delivery"""
"Carsome","Malaysia","Asia",470,2015,2021,2000000000,"E-commerce & direct-to-consumer"
"Fetch Rewards","United States","North America",261,2014,2021,3000000000,"E-commerce & direct-to-consumer"
"Transmit Security","Israel","Asia",295,2014,2021,3000000000,"Cybersecurity"
"Gong","United States","North America",95,2015,2020,7000000000,"Artificial intelligence"
"Veev","United States","North America",1053,2008,2022,1000000000,"Internet software & services"
"Tier","Germany","Europe",594,2018,2021,2000000000,"Travel"
"Upgrade","United States","North America",120,2016,2018,6000000000,"Fintech"
"Movile","Brazil","South America",974,1998,2018,1000000000,"Mobile & telecommunications"
"Eruditus Executive Education","India","Asia",306,2010,2021,3000000000,"Edtech"
"iFood","Brazil","South America",939,2011,2018,1000000000,"""Supply chain, logistics, & delivery"""
"Forto","Germany","Europe",526,2016,2021,2000000000,"""Supply chain, logistics, & delivery"""
"Kuaikan Manhua","China","Asia",754,2014,2017,1000000000,"Internet software & services"
"HEYTEA","China","Asia",376,2012,2019,2000000000,"Other"
"Carro","Singapore","Asia",889,2015,2021,1000000000,"E-commerce & direct-to-consumer"
"Collibra","Belgium","Europe",148,2008,2019,5000000000,"Data management & analytics"
"Hopper","Canada","North America",157,2007,2021,5000000000,"Travel"
"Volocopter","Germany","Europe",519,2011,2022,2000000000,"Auto & transportation"
"Swiggy","India","Asia",41,2014,2018,11000000000,"""Supply chain, logistics, & delivery"""
"Global Switch","United Kingdom","Europe",43,1998,2016,11000000000,"Hardware"
"J&T Express","Indonesia","Asia",16,2015,2021,20000000000,"""Supply chain, logistics, & delivery"""
"Xingsheng Selected","China","Asia",38,2009,2020,12000000000,"E-commerce & direct-to-consumer"
"BharatPe","India","Asia",312,2018,2021,3000000000,"Fintech"
"InFarm","Germany","Europe",940,2013,2021,1000000000,"Other"
"Wiz","Israel","Asia",127,2020,2021,6000000000,"Cybersecurity"
"Scale AI","United States","North America",94,2018,2019,7000000000,"Artificial intelligence"
"Dutchie","United States","North America",205,2017,2021,4000000000,"E-commerce & direct-to-consumer"
"Uniphore","United States","North America",270,2008,2022,3000000000,"Artificial intelligence"
"Dapper Labs","Canada","North America",75,2018,2021,8000000000,"Fintech"
"Pat McGrath Labs","United States","North America",993,2016,2018,1000000000,"Consumer & retail"
"The Brandtech Group","United States","North America",744,2015,2019,1000000000,"Other"
"KK Group","China","Asia",341,2014,2019,3000000000,"E-commerce & direct-to-consumer"
"DealShare","India","Asia",472,2018,2022,2000000000,"E-commerce & direct-to-consumer"
"Keep","China","Asia",571,2014,2020,2000000000,"Mobile & telecommunications"
"Houzz","United States","North America",228,2008,2014,4000000000,"E-commerce & direct-to-consumer"
"Zwift","United States","North America",1073,2014,2020,1000000000,"E-commerce & direct-to-consumer"
"TERMINUS Technology","China","Asia",1040,2015,2018,1000000000,"Hardware"
"Trader Interactive","United States","North America",460,2017,2021,2000000000,"Other"
"SpotOn","United States","North America",316,2017,2021,3000000000,"Fintech"
"Nuvemshop","Brazil","South America",320,2011,2021,3000000000,"E-commerce & direct-to-consumer"
"Deel","United States","North America",107,2018,2021,6000000000,"Fintech"
"Aprogen","South Korea","Asia",605,2000,2019,1000000000,"Health"
"Quizlet","United States","North America",1006,2005,2020,1000000000,"Edtech"
"Orca Security","United States","North America",666,2019,2021,1000000000,"Cybersecurity"
"InSightec","Israel","Asia",736,1999,2020,1000000000,"Health"
"Cockroach Labs","United States","North America",156,2015,2021,5000000000,"Data management & analytics"
"PolicyBazaar","India","Asia",372,2008,2019,2000000000,"Fintech"
"Apeel Sciences","United States","North America",544,2012,2020,2000000000,"Other"
"Claroty","United States","North America",378,2015,2021,2000000000,"Cybersecurity"
"Highspot","United States","North America",184,2013,2021,4000000000,"Internet software & services"
"Socure","United States","North America",135,2012,2021,5000000000,"Cybersecurity"
"Black Unicorn Factory","United States","North America",102,2020,2021,6000000000,"Other"
"Dataiku","United States","North America",143,2013,2019,5000000000,"Internet software & services"
"Axelar","Canada","North America",869,2020,2022,1000000000,"Internet software & services"
"Mofang Living","China","Asia",674,2009,2016,1000000000,"E-commerce & direct-to-consumer"
"Kuaigou Dache","China","Asia",627,2014,2018,1000000000,"""Supply chain, logistics, & delivery"""
"Newlink Group","China","Asia",977,2016,2020,1000000000,"E-commerce & direct-to-consumer"
"ZEPZ","United Kingdom","Europe",167,2010,2021,5000000000,"Fintech"
"GetYourGuide","Germany","Europe",821,2009,2019,1000000000,"Travel"
"Noom","United States","North America",198,2006,2021,4000000000,"Health"
"Yipin Shengxian","China","Asia",655,2017,2019,1000000000,"E-commerce & direct-to-consumer"
"Avant","United States","North America",546,2012,2012,2000000000,"Artificial intelligence"
"Trumid","United States","North America",661,2014,2020,1000000000,"Fintech"
"Ramp","United States","North America",80,2019,2021,8000000000,"Fintech"
"Cohesity","United States","North America",253,2013,2018,3000000000,"Data management & analytics"
"ConsenSys","United States","North America",100,2014,2021,7000000000,"Fintech"
"Vestiaire Collective","France","Europe",483,2009,2021,2000000000,"E-commerce & direct-to-consumer"
"ThoughtSpot","United States","North America",214,2012,2018,4000000000,"Internet software & services"
"CureFit","India","Asia",669,2016,2021,1000000000,"Health"
"PsiQuantum","United States","North America",315,2016,2021,3000000000,"Hardware"
"Convoy","United States","North America",297,2015,2018,3000000000,"""Supply chain, logistics, & delivery"""
"Branch","United States","North America",222,2014,2018,4000000000,"Mobile & telecommunications"
"Addepar","United States","North America",515,2009,2021,2000000000,"Fintech"
"Klaviyo","United States","North America",68,2012,2020,9000000000,"Internet software & services"
"GPclub","South Korea","Asia",726,2003,2018,1000000000,"Other"
"Dxy.cn","China","Asia",904,2000,2018,1000000000,"Health"
"Carbon","United States","North America",441,2013,2015,2000000000,"Hardware"
"Graphcore","United Kingdom","Europe",301,2016,2018,3000000000,"Artificial intelligence"
"Fractal Analytics","India","Asia",919,2000,2022,1000000000,"Data management & analytics"
"GoStudent","Austria","Europe",263,2017,2021,3000000000,"Edtech"
"Anduril","United States","North America",140,2017,2019,5000000000,"Artificial intelligence"
"Gusto","United States","North America",55,2011,2015,10000000000,"Fintech"
"BGL Group","United Kingdom","Europe",377,1992,2017,2000000000,"Fintech"
"Banma Network Technologies","China","Asia",871,2015,2018,1000000000,"Auto & transportation"
"Thumbtack","United States","North America",310,2008,2015,3000000000,"E-commerce & direct-to-consumer"
"EQRx","United States","North America",613,2020,2021,1000000000,"Health"
"Qonto","France","Europe",163,2016,2022,5000000000,"Fintech"
"ManoMano","France","Europe",277,2013,2021,3000000000,"E-commerce & direct-to-consumer"
"Watershed","United States","North America",1059,2019,2022,1000000000,"Internet software & services"
"G7 Networks","China","Asia",503,2006,2022,2000000000,"""Supply chain, logistics, & delivery"""
"Circle","United States","North America",330,2013,2018,3000000000,"Fintech"
"Cybereason","United States","North America",254,2012,2019,3000000000,"Cybersecurity"
"Hesai Tech","China","Asia",367,2013,2020,2000000000,"Artificial intelligence"
"Collective Health","United States","North America",399,2013,2019,2000000000,"Fintech"
"Dunamu","South Korea","Asia",61,2012,2021,9000000000,"Fintech"
"Ximalaya FM","China","Asia",375,2012,2017,2000000000,"Mobile & telecommunications"
"Neon","Brazil","South America",716,2016,2022,1000000000,"Fintech"
"Cerebras Systems","United States","North America",224,2016,2018,4000000000,"Hardware"
"Genki Forest","China","Asia",22,2016,2020,15000000000,"Consumer & retail"
"Klook","Hong Kong","Asia",720,2014,2018,1000000000,"Travel"
"Workrise","United States","North America",322,2014,2019,3000000000,"Internet software & services"
"Plume","United States","North America",279,2015,2021,3000000000,"Internet software & services"
"FiveTran","United States","North America",111,2012,2020,6000000000,"Data management & analytics"
"iCapital Network","United States","North America",126,2013,2021,6000000000,"Fintech"
"Sysdig","United States","North America",269,2013,2021,3000000000,"Cybersecurity"
"Plaid","United States","North America",25,2012,2018,13000000000,"Fintech"
"OfBusiness","India","Asia",160,2015,2021,5000000000,"E-commerce & direct-to-consumer"
"Cava Group","United States","North America",731,2010,2021,1000000000,"Other"
"Sorare","France","Europe",202,2019,2021,4000000000,"E-commerce & direct-to-consumer"
"Razorpay","India","Asia",74,2013,2020,8000000000,"Fintech"
"Cao Cao Mobility","China","Asia",439,2015,2018,2000000000,"Auto & transportation"
"Improbable","United Kingdom","Europe",379,2012,2017,2000000000,"Other"
"QuintoAndar","Brazil","South America",154,2012,2019,5000000000,"E-commerce & direct-to-consumer"
"TuJia","China","Asia",423,2011,2015,2000000000,"Travel"
"Games24x7","India","Asia",262,2006,2022,3000000000,"Internet software & services"
"Medlinker","China","Asia",219,2014,2018,4000000000,"Health"
"Ola Electric Mobility","India","Asia",161,2019,2019,5000000000,"Auto & transportation"
"Bitmain","China","Asia",36,2015,2018,12000000000,"Hardware"
"SellerX","Germany","Europe",384,2020,2021,2000000000,"E-commerce & direct-to-consumer"
"Xinchao Media","China","Asia",599,2007,2018,2000000000,"Internet software & services"
"Rapyd","United Kingdom","Europe",20,2016,2019,15000000000,"Fintech"
"Kurly","South Korea","Asia",241,2014,2021,3000000000,"""Supply chain, logistics, & delivery"""
"Niantic","United States","North America",69,2015,2017,9000000000,"Mobile & telecommunications"
"Cross River Bank","United States","North America",333,2008,2022,3000000000,"Fintech"
"Yixia","China","Asia",246,2011,2015,3000000000,"Mobile & telecommunications"
"Tanium","United States","North America",70,2007,2015,9000000000,"Cybersecurity"
"Lenskart","India","Asia",174,2008,2019,4000000000,"E-commerce & direct-to-consumer"
"Via","United States","North America",294,2012,2020,3000000000,"Auto & transportation"
"XtalPi","China","Asia",601,2014,2021,2000000000,"Artificial intelligence"
"Mininglamp Technology","China","Asia",795,2014,2019,1000000000,"Artificial intelligence"
"Loft","Brazil","South America",319,2018,2020,3000000000,"E-commerce & direct-to-consumer"
"Scopely","United States","North America",292,2011,2019,3000000000,"Mobile & telecommunications"
"Unacademy","India","Asia",274,2015,2020,3000000000,"Edtech"
"Starling Bank","United Kingdom","Europe",538,2014,2021,2000000000,"Fintech"
"Harry's","United States","North America",478,2013,2018,2000000000,"Consumer & retail"
"Zopa","United Kingdom","Europe",1072,2005,2021,1000000000,"Fintech"
"Redwood Materials","United States","North America",200,2017,2021,4000000000,"Other"
"AIWAYS","China","Asia",498,2017,2018,2000000000,"Auto & transportation"
"Biosplice Therapeutics","United States","North America",35,2008,2018,12000000000,"Health"
"Dune Analytics","Norway","Europe",903,2018,2022,1000000000,"Data management & analytics"
"DeepBlue Technology","China","Asia",610,2014,2018,1000000000,"Artificial intelligence"
"Epic Games","United States","North America",11,1991,2018,32000000000,"Other"
"SpaceX","United States","North America",1,2002,2012,100000000000,"Other"
"Heyday","United States","North America",932,2017,2021,1000000000,"E-commerce & direct-to-consumer"
"Yiguo","China","Asia",653,2005,2016,1000000000,"""Supply chain, logistics, & delivery"""
"Berlin Brands Group","Germany","Europe",874,2005,2021,1000000000,"E-commerce & direct-to-consumer"
"GoodLeap","United States","North America",37,2003,2021,12000000000,"Internet software & services"
"Airwallex","Australia","Oceania",106,2015,2019,6000000000,"Fintech"
"RELEX Solutions","Finland","Europe",117,2005,2022,6000000000,"""Supply chain, logistics, & delivery"""
"Zihaiguo","China","Asia",1071,2018,2021,1000000000,"Consumer & retail"
"ContentSquare","France","Europe",305,2012,2021,3000000000,"Internet software & services"
"Doctolib","France","Europe",110,2013,2019,6000000000,"Health"
"Project44","United States","North America",281,2014,2021,3000000000,"""Supply chain, logistics, & delivery"""
"Tempus","United States","North America",81,2015,2018,8000000000,"Health"
"Creditas","Brazil","South America",152,2012,2020,5000000000,"Fintech"
"Hinge Health","United States","North America",122,2015,2021,6000000000,"Health"
"Gett","United Kingdom","Europe",403,2010,2016,2000000000,"Auto & transportation"
"Toss","South Korea","Asia",92,2013,2018,7000000000,"Fintech"
"Automation Anywhere","United States","North America",98,2003,2018,7000000000,"Artificial intelligence"
"Olive","United States","North America",232,2012,2020,4000000000,"Internet software & services"
"Automattic","United States","North America",247,2005,2013,3000000000,"Internet software & services"
"Tradeshift","United States","North America",388,2009,2018,2000000000,"Fintech"
"Attentive","United States","North America",88,2016,2020,7000000000,"Mobile & telecommunications"
"Weee!","United States","North America",218,2015,2021,4000000000,"""Supply chain, logistics, & delivery"""
"Celsius Network","United States","North America",178,2017,2021,4000000000,"Fintech"
"DailyHunt","India","Asia",128,2007,2020,5000000000,"Internet software & services"
"OrCam Technologies","Israel","Asia",851,2010,2018,1000000000,"Artificial intelligence"
"1KMXC","China","Asia",853,2014,2021,1000000000,"Hardware"
"Farmers Business Network","United States","North America",227,2014,2020,4000000000,"Other"
"WeLab","Hong Kong","Asia",1061,2013,2017,1000000000,"Fintech"
"Tuhu","China","Asia",799,2011,2018,1000000000,"Auto & transportation"
"Sila Nanotechnologies","United States","North America",293,2011,2019,3000000000,"Other"
"Next Insurance","United States","North America",231,2016,2019,4000000000,"Fintech"
"Cityblock Health","United States","North America",114,2017,2020,6000000000,"Health"
"Bytedance","China","Asia",0,2012,2017,180000000000,"Artificial intelligence"
"Jobandtalent","Spain","Europe",463,2009,2021,2000000000,"Internet software & services"
"Pine Labs","India","Asia",162,1998,2020,5000000000,"Fintech"
"Wenheyou","China","Asia",433,2013,2021,2000000000,"Other"
"The Bank of London","United Kingdom","Europe",836,2018,2021,1000000000,"Fintech"
"Forte Labs","United States","North America",668,2018,2021,1000000000,"Fintech"
"Lyra Health","United States","North America",123,2015,2020,6000000000,"Health"
"TripActions","United States","North America",96,2015,2018,7000000000,"Travel"
"Xiaohongshu","China","Asia",17,2013,2016,20000000000,"E-commerce & direct-to-consumer"
"wefox","Germany","Europe",353,2014,2019,3000000000,"Fintech"
"Morning Consult","United States","North America",973,2014,2021,1000000000,"Internet software & services"
"1Password","Canada","North America",97,2005,2021,7000000000,"Cybersecurity"
"CRED","India","Asia",87,2018,2021,7000000000,"Fintech"
"OneTrust","United States","North America",153,2016,2019,5000000000,"Internet software & services"
"Mollie","Netherlands","Europe",109,2004,2020,6000000000,"Fintech"
"JoyTunes","Israel","Asia",946,2011,2021,1000000000,"Edtech"
"Ibotta","United States","North America",937,2011,2019,1000000000,"Fintech"
"UBTECH Robotics","China","Asia",139,2012,2016,5000000000,"Hardware"
"Meizu Technology","China","Asia",131,2003,2014,5000000000,"Hardware"
"Carzone","China","Asia",360,1995,2019,2000000000,"E-commerce & direct-to-consumer"
"Miaoshou Doctor","China","Asia",658,2015,2019,1000000000,"E-commerce & direct-to-consumer"
"Mirakl","France","Europe",186,2011,2020,4000000000,"E-commerce & direct-to-consumer"
"Alzheon","United States","North America",604,2013,2020,1000000000,"Health"
"Xingyun Group","China","Asia",600,2015,2020,2000000000,"E-commerce & direct-to-consumer"
"JOLLY Information Technology","China","Asia",672,2008,2018,1000000000,"E-commerce & direct-to-consumer"
"Retool","United States","North America",518,2000,2021,2000000000,"Internet software & services"
"CMR Surgical","United Kingdom","Europe",331,2014,2019,3000000000,"Health"
"Ninja Van","Singapore","Asia",382,2014,2021,2000000000,"""Supply chain, logistics, & delivery"""
"Discord","United States","North America",21,2012,2018,15000000000,"Internet software & services"
"Varo Bank","United States","North America",271,2015,2021,3000000000,"Fintech"
"Earnix","Israel","Asia",664,2001,2021,1000000000,"Fintech"
"Zhuan Zhuan","China","Asia",1070,2015,2017,1000000000,"E-commerce & direct-to-consumer"
"Trade Republic","Germany","Europe",146,2015,2021,5000000000,"Fintech"
"Workhuman","Ireland","Europe",792,1999,2020,1000000000,"Internet software & services"
"SITECH DEV","China","Asia",639,2017,2019,1000000000,"Other"
"ISN","United States","North America",567,2001,2020,2000000000,"""Supply chain, logistics, & delivery"""
"Iodine Software","United States","North America",945,2010,2021,1000000000,"Data management & analytics"
"Kendra Scott","United States","North America",947,2002,2016,1000000000,"Consumer & retail"
"Veepee","France","Europe",717,2001,2007,1000000000,"E-commerce & direct-to-consumer"
"Uplight","United States","North America",424,2019,2021,2000000000,"Other"
"DistroKid","United States","North America",733,2013,2021,1000000000,"Internet software & services"
"Poizon","China","Asia",1002,2015,2019,1000000000,"Mobile & telecommunications"
"SSENSE","Canada","North America",215,2003,2021,4000000000,"E-commerce & direct-to-consumer"
"Assembly","United States","North America",866,2019,2021,1000000000,"Internet software & services"
"Xiaobing","China","Asia",651,2020,2021,1000000000,"Fintech"
"Carson Group","United States","North America",890,2012,2021,1000000000,"Fintech"